motion_state,adt_sum,gdt_sum,axdt_var,aydt_var,azdt_var,gxdt_var,gydt_var,gzdt_var,adt_var,gdt_var,adt_min,gdt_min,adt_max,gdt_max
straight,9.498791827601499,0.00851494762532265,4.194915334741664e-06,1.4999294310804065e-06,6.471614759543905e-06,3.8561386693761585e-09,2.467972659802029e-09,1.9582510397358403e-09,6.387231676605947e-06,1.0764646240403165e-09,0.09378517786172183,2.61791777934184e-05,0.10178528725274472,0.00017116045608539496
straight,9.79990178477927,0.008412641616525444,4.140284283098546e-06,1.3423854992940147e-06,6.562528195860351e-06,3.463234245844819e-09,2.7699628769367014e-09,1.7850132339839902e-09,6.499201285736222e-06,1.2997952250112037e-09,0.09401038741233232,1.4626090827371667e-05,0.10163353941841835,0.00016747664860069768
rest,9.792245291099139,0.009893447870583045,4.322128591927702e-06,1.0987745517784843e-06,7.150276203716385e-06,3.881252887965837e-09,3.281482449594733e-09,3.87047890508373e-09,7.116813521677237e-06,1.7946622442445943e-09,0.09351255982435011,9.628215151880398e-06,0.10198175537680132,0.00021856563765142165
rest,9.796758634396568,0.009319265210829042,4.232772376036311e-06,1.0562238275899623e-06,8.017444396583739e-06,3.4398000506796654e-09,3.3094958568287115e-09,2.68182452328264e-09,7.975587824702934e-06,1.5475647521964415e-09,0.09346131344106687,1.7199391484619298e-05,0.1023617005000924,0.00020629497513297522
straight,9.80657436611613,0.009778454113515573,3.299804222487388e-06,7.547080229634788e-06,5.816761091989032e-06,5.623301358286284e-09,2.4784340416710516e-09,2.7388511703695954e-09,5.823355049967144e-06,1.621392123451493e-09,0.09381796032759734,3.249521021679034e-05,0.10216569587011325,0.00021268573785302626
turn,9.797933807912452,0.03469926552674384,2.031837773782492e-06,8.988270628402543e-07,1.9220333689042935e-06,3.959496517984931e-09,3.0418145153197597e-09,2.468908796410603e-08,1.8626879209842936e-06,2.2904843544828822e-08,0.09524690182198832,8.56139161749892e-05,0.10043689379006569,0.0006317055159652186
turn,9.79845768395537,0.07836070662677032,2.998085005111887e-06,9.226076796540451e-07,2.459681168594821e-06,3.913053847662846e-09,2.926914776915978e-09,1.6571607652845444e-08,2.393686133207138e-06,1.624808800403082e-08,0.0949153241671613,0.0004771108064775491,0.10109114452633103,0.0010253954703220763
turn,9.809510613075606,0.10904955795927819,3.6330009058413875e-06,2.0795831948735715e-06,1.93275366086681e-06,4.100358411639913e-09,3.794911290743595e-09,4.554314679324454e-09,1.8972683580638004e-06,4.553969630907583e-09,0.09507906478064118,0.0009569170790988907,0.10129885550883556,0.0012594063083907522
straight,9.847549075428498,0.05692870621297652,5.453741089292503e-06,4.547430658944208e-06,3.2020280260841843e-06,5.13538317259085e-09,4.274030771891234e-09,2.5536554069576447e-07,3.2409181727904275e-06,1.1532457953838546e-07,0.09472279613837983,5.981339321575033e-05,0.10366231402574738,0.0011708534531569598
turn,9.876904967844844,0.08346758131835873,3.819440775296888e-05,2.1222645030406466e-05,6.214270033184547e-06,1.3737238982791958e-08,9.004311092631618e-08,1.5955122220189357e-07,6.374522421041734e-06,1.7201538033965568e-07,0.09402819629119098,0.0003268376358279893,0.10454098830640689,0.00157479934570532
turn,9.923672135714142,0.14767682895768913,6.342580856915787e-05,2.9443339662441357e-05,5.8029038579002815e-05,6.419834845063136e-08,1.231530897601889e-07,2.0401485582879205e-08,6.61373925529091e-05,3.223477650786868e-08,0.0756510572476569,0.0010828431098209939,0.11960073506182346,0.001922455980077505
straight,9.788033846372818,0.06902813036099721,1.3282601198761563e-05,1.768700167986797e-05,3.201222817677737e-05,2.7470444590997687e-08,1.7776123241798375e-08,4.4509044038150416e-08,3.361831055681611e-05,4.499196526876945e-08,0.0817183338013626,0.0002174821928281087,0.113207151466863,0.0011128048500940533
straight,9.774176132039452,0.01896215897158845,8.679370980670048e-06,2.138539851669977e-05,5.081058742819316e-06,9.335310766769952e-09,8.576256958330147e-09,1.2671786911246085e-08,5.238491061615536e-06,5.749893306888912e-09,0.09321578333426596,5.977072424743887e-05,0.10309025329151289,0.0004760728993249672
straight,9.818692487835122,0.027011630515945444,9.215354522257748e-06,7.308763602332416e-06,3.470733101802943e-06,9.412914111777577e-09,1.5628723915994146e-08,7.3862511723769484e-09,3.368813614296291e-06,5.849549466078697e-09,0.09362342354838306,4.341380797065075e-05,0.10266104282666474,0.00043960791482260467
straight,9.875068295255884,0.027160805293395634,1.644926205028335e-05,1.2411550692002745e-05,9.095092820635403e-06,8.034221997844298e-09,2.13664363038851e-08,8.773200382954236e-09,8.732495679229528e-06,9.059533106576612e-09,0.09078559899278969,8.951247789580208e-05,0.10499125887223268,0.00048161493190064427
straight,9.843675031342809,0.014633260972912787,8.113791404280051e-06,6.4707347736741954e-06,8.334889434397735e-06,5.814555023456211e-09,6.5475132599297545e-09,1.8549433864811609e-09,7.794768372331338e-06,2.8684336415948525e-09,0.09323896961641058,3.269953591271296e-05,0.10451743409674746,0.00033170991057657884
straight,9.86551826978114,0.012447505728274003,7.775437249336643e-06,4.5538088629193735e-06,4.372275205941222e-06,6.7791717250949616e-09,4.611183696379507e-09,4.14175673870603e-09,4.080436505735131e-06,2.3299932825667115e-09,0.09457255849584877,3.396087090525698e-05,0.10303802243308632,0.0002592429317119858
straight,9.831973132562865,0.01361638464009373,6.32227899655947e-06,3.2830363543738915e-06,1.0954990476598746e-05,4.758239123116994e-09,7.236504143626865e-09,5.149015108314598e-09,1.0670220226586997e-05,2.7220578642872606e-09,0.09040187662295292,3.34333626676531e-05,0.10579013614384725,0.0002505764257198779
straight,9.815720061173856,0.012352008097785932,5.452554333371968e-06,1.4615668070002855e-06,1.8696482154108524e-05,3.938463870498301e-09,4.434741220556654e-09,3.6767286619224606e-09,1.8245757722496952e-05,2.712669757501258e-09,0.08989540882509654,6.391494281924129e-06,0.10661560695647719,0.0002624723964441581
rest,9.808134225127324,0.009446781475224795,3.4036281341578536e-06,8.133448288598796e-06,7.5274996981675125e-06,4.879739630187809e-09,2.294166148229158e-09,2.5605978159444954e-09,7.381220934632079e-06,1.524628288722975e-09,0.09383232934650419,3.4210517889442085e-05,0.10203361819963307,0.00024269908093759284
rest,9.788655051416324,0.009529551424688532,3.4152039715552767e-06,1.2349843502986107e-06,6.273633746131924e-06,4.317381126243565e-09,2.7345799998808995e-09,2.870173014970021e-09,6.149614286886806e-06,1.5324012462367885e-09,0.09397973282470953,1.6755423355993516e-05,0.10194399992977339,0.0002040551340326509
rest,9.799067577275178,0.00885087331837427,4.663749871057054e-06,2.107586280470067e-06,1.08409361607895e-05,4.1281458565015e-09,2.457480159446898e-09,2.1612993562259066e-09,1.060907469533738e-05,1.5319860133408208e-09,0.09293437134107231,2.0862879809151407e-05,0.10294347954841257,0.00021580054330031336
rest,9.79873128579611,0.008890788539651829,6.245428354996198e-06,2.586283859871065e-06,8.03595217873762e-06,3.81946104055693e-09,2.567777582980755e-09,2.5689942132424253e-09,7.774264609482392e-06,1.5257330505590314e-09,0.09354446159068884,1.1435061353024232e-05,0.10228675177769393,0.00021241940503925264
rest,9.790078305705828,0.009983429437110749,6.108779380567984e-06,2.7211797594089338e-06,1.5620526211550383e-05,4.9934272243963465e-09,2.795149365146822e-09,2.8934161394692117e-09,1.5428140550442255e-05,1.6333852875347582e-09,0.09185395442949422,2.7842638301285283e-05,0.1038041231403276,0.00021719573824850987
rest,9.797531404788492,0.00860009341112376,6.026647098171255e-06,1.8898050809202258e-06,1.891056313281367e-05,3.5029050136794716e-09,2.518268997150993e-09,2.322830657132197e-09,1.893117029861209e-05,1.4632347576151932e-09,0.09125622889829547,1.1291744901638565e-05,0.10431657030829503,0.00017520208665796187
rest,9.798093055752787,0.009256908111688677,5.7797479228344e-06,1.3226135652901984e-06,1.843373773323145e-05,3.6506158966261006e-09,2.887327192307998e-09,3.1172660842767167e-09,1.854115549788948e-05,1.524236622993704e-09,0.0914071091253234,1.6270902620994473e-05,0.10429027101538642,0.00021376925446602049
rest,9.792610329345035,0.008778479273492183,5.314225375054915e-06,1.4409510063472208e-06,1.737399879754175e-05,3.486691076854409e-09,2.5484069004263125e-09,2.2859147929140387e-09,1.7447830399711275e-05,1.6906544375530737e-09,0.09174443882765793,6.6351421357509255e-06,0.10394080769581632,0.00018367191471846674
rest,9.800223201881439,0.009527867408130416,4.290396971378657e-06,1.4419355410082484e-06,1.1277738211614524e-05,3.995850645041346e-09,3.492127272876661e-09,3.114376223007732e-09,1.1321831966101858e-05,1.824078850309126e-09,0.09273209646386621,8.219455751091612e-06,0.10369280531125383,0.00019476235466075418
rest,9.796485465550685,0.009538621001202814,5.371625035602646e-06,1.2937989397654595e-06,1.4545109208232525e-05,5.278632521318941e-09,3.164614451365331e-09,2.3822000899010192e-09,1.4654022006785802e-05,1.91986306154098e-09,0.091996427736088,1.151827509061957e-05,0.10339224489710236,0.00020187996024410095
rest,9.794463507561927,0.009126854355867024,4.0246137149319225e-06,1.6259269807066152e-06,8.782033707748691e-06,3.2221273620332907e-09,3.4899051820057807e-09,2.773529925701423e-09,8.711617179819343e-06,1.5964495987947686e-09,0.09330595462560017,2.3156407112329457e-05,0.10290520631692902,0.0001990343845951736
rest,9.794569820662385,0.00953773459545064,4.096126874245423e-06,8.911693469368515e-07,8.767167481800414e-06,4.924240724210212e-09,2.255988452102393e-09,2.930131772351687e-09,8.764141782734968e-06,1.7562915735004769e-09,0.09344641250115207,2.5255225638744266e-05,0.1025156951524322,0.00019978870384305868
rest,9.791297553209677,0.00924368667883662,4.124372989611161e-06,8.236668340065459e-07,7.127773204176873e-06,4.2335466163727576e-09,2.5321720978296685e-09,2.3375907182485785e-09,7.20943790089378e-06,1.3475551730468065e-09,0.0941173081546881,4.486961604859889e-06,0.10220460266816145,0.00018441069832905594
rest,9.797880496683902,0.008912822442340828,4.293166209365591e-06,6.310209073719914e-07,6.5428366904194865e-06,3.496085170334445e-09,2.5359422819038845e-09,2.537484955402931e-09,6.6261533344873545e-06,1.2365559394580985e-09,0.09405455235737785,2.829461666331161e-05,0.10197418051562396,0.00019138039847401702
rest,9.795560824782916,0.008280380694428833,4.95553378953358e-06,5.874114052773166e-07,7.612130785858366e-06,3.0794563865823295e-09,2.8536069371399755e-09,2.4407155576479693e-09,7.725801355133734e-06,1.4836039184317758e-09,0.0936095725784053,1.5681125317722854e-05,0.10208219353763535,0.00020200467846096833
rest,9.796423651968666,0.009435057900014513,5.1169997695297215e-06,5.911756365712297e-07,6.854589636465403e-06,3.6783832057250147e-09,3.233066781389285e-09,2.5493447943534895e-09,6.990833096613661e-06,1.4067064812397949e-09,0.09383479548820114,1.0510922746810477e-05,0.10209210396911582,0.00020224384227581952
rest,9.795162259101362,0.00911603209131322,5.212079047332383e-06,7.848837169934081e-07,9.682562818032217e-06,3.5104764819624232e-09,2.845729252138427e-09,2.7888303091118786e-09,9.776208065017263e-06,1.618176305880865e-09,0.09273474229614903,7.438748027573031e-06,0.10294435586959053,0.000213674952679189
rest,9.79845451312053,0.009255660743994542,5.802139562539678e-06,2.2915516105545103e-06,1.4636359547469788e-05,4.0778428478024794e-09,2.8998918449014996e-09,2.7708925671947627e-09,1.4423143398435239e-05,2.0509848564505047e-09,0.09170878721265505,9.803817602341587e-06,0.10391482140016255,0.000217253239127216
rest,9.80401870210369,0.007988140721486015,6.266200613428091e-06,2.5510223648019306e-06,1.3968406733425554e-05,2.627440702815614e-09,2.5360332645350653e-09,2.1414223369989394e-09,1.3797800333255442e-05,1.0471987739258008e-09,0.09186618768867472,5.059325180887084e-06,0.10364167545606999,0.00015910278316374435
rest,9.795460718741529,0.00887282498197249,6.103052717575672e-06,1.595276846597766e-06,1.6164364606401738e-05,3.585505325259031e-09,2.7050730750334597e-09,2.4924405817667906e-09,1.6251960642723847e-05,1.432528776733906e-09,0.09224269776452712,2.086422423554253e-05,0.10348696989671392,0.00018307779197959
rest,9.79631179796697,0.009032202910614833,6.075830023414485e-06,1.2559869257249501e-06,1.4881289939444998e-05,4.126150933050492e-09,2.7604781688945433e-09,2.4845309698022024e-09,1.5046520159691086e-05,1.7010216643567683e-09,0.09190588270687887,1.5850695607449838e-05,0.10385623859332935,0.00020305565511747004
rest,9.794955437313307,0.008769604523848867,5.722816150617568e-06,1.0930407638827986e-06,1.4752413500738345e-05,3.652526864999653e-09,2.521817711983651e-09,2.591155652566314e-09,1.4911978575555722e-05,1.63131139436236e-09,0.0919857115915759,1.0956730730091196e-05,0.1036791944097163,0.00023013256705494242
rest,9.79582713832637,0.00915201930345724,5.674738121592849e-06,1.0992737044145071e-06,1.48159921478546e-05,3.78204656512191e-09,2.901842817672118e-09,3.2528971447339024e-09,1.4976798003360545e-05,2.0515426788224096e-09,0.09173577237050516,1.9194949414716742e-05,0.10366174581972121,0.00021928812116710079
straight,9.804870555016551,0.010427837319970707,5.575679727398693e-06,1.7499788955503667e-05,1.334302630102687e-05,8.251428797182254e-09,2.4392918280300833e-09,2.4609415438443105e-09,1.3591841114534135e-05,2.961136184945089e-09,0.0914901027726397,2.7098884496068832e-05,0.10470841995874905,0.000297940360748714
straight,9.834391288270123,0.01286152474709578,4.481337868939174e-06,3.398137800983232e-05,1.00111547082289e-05,1.0377895346392723e-08,2.764142316812171e-09,2.8199414032337023e-09,1.0238968253842426e-05,2.9119028038934456e-09,0.09137601967735413,1.7152122126439462e-05,0.10417888127355711,0.0002869951039822887
straight,9.982427466620464,0.015486100185331973,2.831140549497393e-06,7.238198186561688e-06,2.378354489634388e-06,1.1441165276560854e-08,3.6209929821443e-09,4.0987187962751765e-09,2.4199298701751093e-06,3.766567607423138e-09,0.09529172348869983,3.202673932057758e-05,0.1033710550161378,0.0003410636211977923
straight,9.802157695001243,0.01768612485377256,5.172563202873204e-06,3.456411598911217e-05,2.2231213618741255e-06,7.862663833094063e-09,5.6978568575763456e-09,3.742812323670012e-09,2.374703354545137e-06,4.891456539449876e-09,0.09341675177588496,3.399507914449132e-05,0.10136515792717717,0.0003542606519037392
straight,9.777458239191455,0.023693388320702172,2.0286569634570228e-05,9.200911774075945e-06,8.39227467107179e-06,1.7555539542848524e-08,3.893460674985187e-08,7.936997517833213e-09,8.386930514970715e-06,9.934345079760163e-09,0.0931626136843398,1.9948092135179243e-05,0.10381202581752237,0.00048159038707724
straight,9.911771502484688,0.02179542336093543,1.3717936853183155e-05,1.1346304653544884e-05,1.8393367011274475e-05,1.868218391831855e-08,1.1666192759203016e-08,6.690672081322218e-09,1.9051989275987413e-05,1.0253419631364307e-08,0.08970869443865434,1.7353216374033834e-05,0.1148778706211391,0.0004247235153046153
straight,9.746460154916127,0.02615171274590747,1.0486088630109e-05,1.3209652740791535e-05,1.530109006497314e-05,1.8481936623051743e-08,1.090287364179103e-08,3.415182818140941e-09,1.6494273116992667e-05,1.4131899709996198e-08,0.0892114520967535,2.804630253919264e-05,0.10690722529736475,0.0005998649292135104
straight,9.853093409877829,0.02359385344560927,1.3198102564444049e-05,1.2984571671458897e-05,1.610029261237755e-05,2.1454777079545126e-08,3.682128466966002e-08,3.762244950539532e-09,1.6365441579336844e-05,2.452554786169869e-08,0.08901464949729335,2.4078801321432276e-05,0.10871703082584956,0.0005873387638087057
straight,9.885388352907892,0.03449918951034519,2.4647343220836185e-05,8.252851798709058e-05,7.654531260002482e-05,1.0209724023226424e-07,3.2156455822457414e-08,4.4260066209158605e-09,8.119148421280253e-05,2.8673906177609742e-08,0.07751851579656135,3.0890386978978264e-05,0.12216353638129474,0.0008515772733231679
straight,9.899632463950207,0.04510433048410177,5.691454568389993e-05,2.1681941228073452e-05,2.7611120901082108e-05,5.0976463495704755e-08,1.077282908765274e-07,6.205770393670334e-09,2.8949767504191285e-05,2.6864686929291005e-08,0.08615093591731134,7.258506869308309e-05,0.11249405953404978,0.0008424018871796132
straight,9.856675242024572,0.040028277581869796,6.551759591027484e-05,5.909955229255093e-05,3.105046526531292e-05,1.0482131296567633e-07,4.8638896836947474e-08,3.114319231554301e-09,3.402308957254167e-05,3.320815110214075e-08,0.08132136013108232,4.420657961991036e-05,0.11271750032440181,0.0009207544822691178
straight,9.755728537736903,0.03476380654972443,4.715546386425723e-05,6.619354551430482e-05,9.643159026035169e-05,7.844064518629227e-08,3.6850420713339044e-08,4.952160681174475e-09,9.349263731048431e-05,2.1401365362093246e-08,0.0760787731846071,7.126945582694543e-05,0.11752506219534055,0.0007810599975395395
straight,9.844951781311027,0.03189532431576808,8.808208780369319e-05,8.915501757811336e-05,4.2202707423959005e-05,3.657111426198491e-08,6.798156415063103e-08,8.29593018341487e-09,4.19455559079183e-05,2.285346538083252e-08,0.08657737910764901,4.3653681914841316e-05,0.12095603721035827,0.0006918833158297972
straight,9.911267080100645,0.03258011723239872,4.695093397768078e-05,4.5804751551672564e-05,2.737522817720985e-05,5.7371197935296975e-08,4.7483124657862454e-08,5.115378668598154e-09,2.8855318189822344e-05,2.084425425238729e-08,0.08610999953607977,2.6652752822841756e-05,0.11405969221719144,0.0007256451093502053
straight,9.900556500096979,0.02995625244492411,3.873404304507508e-05,4.184713399499219e-05,2.2351912915952947e-05,3.775373480731587e-08,4.132345074991555e-08,4.638349817809903e-09,2.300940523603794e-05,1.6015755929681943e-08,0.08528758456646329,5.064001619644508e-05,0.11222045155791531,0.0007224147996194093
straight,9.824798895017713,0.04028211363956086,8.767383175873751e-05,4.572172832876125e-05,2.1376569433605517e-05,8.541837219490071e-08,8.372020418246721e-08,4.549301789306653e-09,2.3352168265969957e-05,2.7879089498638664e-08,0.08842669685852653,8.095412898743579e-05,0.11030376746465496,0.0008442620543624349
straight,9.860577148842403,0.03784893090371021,0.000102146891018458,0.00013097225658443312,0.00010258483525067068,9.255548325861181e-08,6.30142925841361e-08,4.974780183671732e-09,9.914202903283594e-05,2.734099639969899e-08,0.07216179774845809,5.935781869616316e-05,0.12977282818373764,0.0008470065434389819
straight,9.854421218654704,0.04282706188045702,5.6289443007820467e-05,6.706922833764368e-05,9.134127198138681e-05,5.6493715562695694e-08,8.231710988370764e-08,4.848554114681154e-09,9.506351335024092e-05,3.713407741874837e-08,0.07749015044972993,9.590944750599722e-05,0.13015624587923527,0.0010064431972131391
straight,9.845642899308764,0.03295830835388234,4.447608022912457e-05,4.9903102181061463e-05,3.9143909446108795e-05,6.845487645215564e-08,4.540514049562843e-08,3.726595909413043e-09,3.7821835084680235e-05,2.0690981610542924e-08,0.0841479770165968,3.6843360530005386e-05,0.11137206852242716,0.0008313149406443662
turn,9.895029307571304,0.0360192286840561,3.213100551525044e-05,5.3067998348159e-05,2.5423659551069586e-05,6.472641504748748e-08,2.745322616430566e-08,1.6734209609209786e-08,2.3062890475875668e-05,2.191782761936921e-08,0.0887998197725885,0.00011199876727816682,0.10885273472446619,0.0007533124008433901
turn,9.961718471785407,0.1257605045242658,2.5550303256640717e-05,1.3298586323059437e-05,1.6265186784108455e-05,1.6094511304296933e-08,4.164013345308051e-08,1.0626744499842754e-07,1.487279251652087e-05,9.724861850206186e-08,0.09138326554882598,0.0005050433814475956,0.10726388306674835,0.0017498558067943596
turn,9.911378512051364,0.24667713892115078,3.197238066083601e-05,2.1038105822248866e-05,1.0724324572302382e-05,2.819831947228463e-08,2.5621639677642945e-08,1.0542337507358417e-07,9.610428394736251e-06,1.0395947867199715e-07,0.0866096041487865,0.001755555314092698,0.10658381157150928,0.002900306586815188
turn,9.941060072188725,0.31876675783988606,6.723276548719881e-05,1.8610763177397976e-05,1.077600637010158e-05,3.772972276277532e-08,1.5828328844015882e-07,2.5108625982674292e-08,7.139188459338232e-06,2.5241026603291864e-08,0.0940484456446097,0.0027134437588811093,0.10582811686950064,0.0034141089365270615
turn,9.897923117449816,0.2761820678918057,3.473946025014342e-05,1.0802230122907518e-05,3.750800270131104e-06,1.2810335056512633e-08,7.224412645538342e-08,1.1588436521615599e-07,5.468297333700163e-06,1.2043260262964087e-07,0.09446271551053154,0.002167377915985086,0.10491095367457313,0.0033452149217671964
turn,9.87329071278079,0.21714185256931853,4.496445092120558e-05,3.964366518682933e-05,9.433894907130216e-06,5.6693225046806524e-08,1.4480597491661934e-07,2.452124695014103e-08,1.0037281322911092e-05,2.4284843121477956e-08,0.09111112491358335,0.0017673790292730147,0.10618932194178896,0.002411990603088423
turn,9.8402738577026,0.16912588543328352,5.589842989536924e-05,1.8052169425327916e-05,1.421256065857111e-05,2.1384724137696138e-08,9.524331156282231e-08,2.110151267015292e-08,1.4723684504721548e-05,3.3282381426091155e-08,0.08803423274083351,0.0013335384074770805,0.11134039749707196,0.0020286250607608925
turn,9.843031603060764,0.11890578507604443,1.7249942899160457e-05,1.6757639762098257e-05,7.982881901138113e-06,9.428097671986349e-09,2.3841895391093524e-08,6.730791294459384e-08,7.759830149049323e-06,6.451464253758421e-08,0.09207264303100632,0.0007134013745423275,0.10476663390064878,0.0016300253551792202
turn,10.08410350645449,0.07517344597567927,0.00013154226794818977,0.00015534455979654324,0.0002680081006553067,1.2503548818535927e-07,1.5251066217422247e-07,1.8443395770385368e-08,0.0002720405163000671,3.720102907031383e-08,0.05487652150012546,0.0002861227381708678,0.15473877683468376,0.0013038021625960952
turn,9.722898934237488,0.08127867206878638,1.9011049621999206e-05,3.466281433659163e-05,0.00022472798625960556,5.484158486296158e-08,3.321413384142655e-08,1.009770771706146e-08,0.0002101070024170567,9.025067530579343e-09,0.04894322238506927,0.0005841062397785415,0.1348226228640317,0.0013207674293510227
straight,9.781684549266759,0.0691293046675138,2.636795050185651e-05,1.2321881506890317e-05,1.8777394924265667e-05,2.5966112179937808e-08,2.8408164190016007e-08,2.443425171664432e-08,1.8381928780768036e-05,1.3088460173084164e-08,0.09014201638110574,0.0003877633964634826,0.10617802938743391,0.0009133693535288603
straight,9.820606635076818,0.029908840054322493,2.6189753275484235e-05,3.139038362318369e-05,2.9727215429427588e-05,3.115554461378768e-08,2.0006251192915097e-08,2.574923204767584e-08,2.9332979193896146e-05,1.0958173844819941e-08,0.08461186773309932,8.09246882839393e-05,0.10903772667268552,0.0006017899232628415
straight,9.835018401165604,0.04015447731315541,3.635591110035385e-05,2.9403707954244022e-05,7.450659340818535e-05,2.0759138628844336e-08,3.9502219029669154e-08,6.339776628132896e-09,7.18373782215282e-05,1.7597329421495355e-08,0.07019872158757888,0.00018913931648292914,0.12221686168904768,0.0007989071722483576
straight,9.750059360541096,0.04991937839049961,5.5559740378577316e-05,4.000866188620057e-05,6.503306620527021e-05,8.844993580760676e-08,6.47596822464763e-08,8.119518248130767e-09,6.425833444878069e-05,1.9145051269578714e-08,0.08258502934115228,0.0002072536953426645,0.11518396368622737,0.0008990038462241575
straight,9.963952625993691,0.03501511041052538,1.7676075693651513e-05,2.5586553254870037e-05,5.796590010839219e-05,3.777578999836853e-08,2.4904402097416715e-08,3.9103087890621055e-09,5.762381110668763e-05,1.2743324166034226e-08,0.08480534713651866,0.0001475547593706086,0.12351756700175405,0.0006127652814486913
straight,9.818928347096131,0.03224094023832057,3.057370230201444e-05,1.9784552494325896e-05,1.3563778890038162e-05,1.7540062075060123e-08,2.994137586621386e-08,5.898735384947021e-09,1.2795745613951095e-05,9.672829223731701e-09,0.09006077577462093,0.0001626843624702715,0.10641411189063553,0.0006125424758021911
turn,9.753269443446596,0.05100987208048838,2.0209719292716873e-05,1.0110696797811883e-05,4.9146648300554e-06,3.1777950521991094e-08,3.193562094672622e-08,6.717106358916435e-09,4.941978711475119e-06,8.1539442113573e-09,0.09312609795278659,0.0002509728419023564,0.10281410849383113,0.0007489624672889852
straight,9.831450632244765,0.05975397455591661,2.9420937019503682e-05,1.8520307310952644e-05,1.4850714681735603e-05,7.177117088811294e-08,6.085170449234368e-08,6.3376402193351265e-09,1.3030537257369497e-05,1.270454163038657e-08,0.09064188536203686,0.00036996370725443813,0.10708873237723199,0.0008451040623614031
straight,9.850429825188328,0.028979720575695977,2.462193518354881e-05,1.440544832836431e-05,2.1915469552480634e-05,2.0637713394278885e-08,3.246161219965729e-08,6.793309794347155e-09,2.1593599175675843e-05,1.2139445572775532e-08,0.08788461969533232,1.9196872407964667e-05,0.10812242783326609,0.000528613089450043
straight,9.823111486891701,0.02981872975258128,2.905459110746383e-05,1.276731610136399e-05,1.0391502106950845e-05,1.471863169887852e-08,3.6995734835201886e-08,6.5803769652421886e-09,1.0372531315709385e-05,1.2655745547263334e-08,0.08828142952946348,8.081261555312353e-05,0.10352231256728775,0.0006175373853797165
straight,9.832175481176826,0.032064322133671316,1.8449734938024273e-05,7.573830841254123e-06,1.735000891364865e-05,1.6517258757916946e-08,1.5295664223283274e-08,7.79066225822374e-09,1.713512890117552e-05,6.9978092287597245e-09,0.08866950028390133,0.00014607711445925852,0.10851935231001916,0.0005187579564365008
straight,9.851191971682535,0.032912707885609294,3.452262231648501e-05,1.4704568893444595e-05,1.238053012629267e-05,2.396466034027814e-08,6.887610392532507e-08,2.6649444758277594e-08,1.1806146818072758e-05,2.244998449426151e-08,0.09179372833780913,4.23129036319128e-05,0.10781020102991229,0.0006708198469727879
straight,9.779618681086795,0.02910366300093523,2.595812119723258e-05,1.0164900816108682e-05,1.7605027669420745e-05,3.6783389553925356e-08,3.993849055805283e-08,7.814037396928688e-09,1.69311417511734e-05,1.592751086267603e-08,0.08582139756782164,6.595692012455885e-05,0.10940244446475596,0.0005682584026209294
turn,9.80526546517674,0.06440583651316986,1.4065857174152118e-05,1.0099597964275957e-05,1.568441225654109e-05,4.983434147833233e-09,2.7377424668204523e-08,7.221707171146209e-08,1.585090516568772e-05,6.336563799048604e-08,0.08835712318466082,0.0002780484186702359,0.10815625683719313,0.0011056524019451188
turn,9.802472454915065,0.12382978921991683,6.972364685213271e-06,4.156959400792332e-06,1.2728654166313164e-05,4.997302952325508e-09,5.880601715367534e-09,8.430612923962804e-09,1.2754742755360037e-05,8.759931474769193e-09,0.091536475308648,0.0010203270337444204,0.10503590631262226,0.001448702814190338
straight,9.812448540795522,0.058289502199816906,5.773418292601978e-06,8.936595723120309e-06,1.0237441189298313e-05,5.980060588525268e-09,1.1681108025617885e-08,9.591373507267752e-08,1.020838574339145e-05,9.267039539220516e-08,0.09140693917248537,8.938846747803928e-05,0.1042965991013346,0.001166341112141528
straight,9.794482957738655,0.014262223498317345,7.745429658160536e-06,4.301858871851448e-06,1.638123829736345e-05,5.702211324187119e-09,6.698339498254497e-09,4.75304489693591e-09,1.6291729097291625e-05,5.57745783934539e-09,0.0918925763316218,1.4128070443235698e-05,0.1055950677646499,0.00031221156613915445
straight,9.803851531571524,0.010230918568453106,5.787334577319038e-06,1.3753518646880416e-06,1.4410512225714055e-05,4.7296255950667575e-09,4.87688916941376e-09,2.496349892278028e-09,1.4479479664648973e-05,2.024316819958942e-09,0.09162789084799039,1.804299761236474e-05,0.1047909544672587,0.00024291027436596852
rest,9.793674660087401,0.009756706374223937,3.844778853237364e-06,6.271840242778911e-06,1.074964462528299e-05,4.495905845000649e-09,3.4922163139196785e-09,3.1693243149739147e-09,1.0852685167760727e-05,1.9598205932336276e-09,0.09306698438819386,2.2848550839839754e-05,0.10304791574926624,0.00020861904423231657
rest,9.79877568243145,0.008834158765477017,4.498210506054402e-06,1.5884485151497057e-06,1.1667948254018906e-05,3.655030310723253e-09,1.8731767198665086e-09,3.051397514400786e-09,1.1662849395779137e-05,1.296052798522891e-09,0.0927823542733139,1.4953579749446798e-05,0.10271056615812982,0.00018402486720753142
rest,9.798416990957532,0.009442568437447927,5.275270860533709e-06,1.5113032485038795e-06,1.3272583929077794e-05,3.4084135291092005e-09,2.8561920306449395e-09,3.2179261118128434e-09,1.332523176626382e-05,1.2627618673071701e-09,0.09264942495945956,2.503514020753032e-05,0.10316237425380717,0.0001851660953483322
rest,9.793764964630169,0.008558357586601294,4.698531447286714e-06,2.0544153315684696e-06,1.184974301612201e-05,3.768294858063575e-09,2.310285401364763e-09,2.085256834683823e-09,1.199641180544623e-05,1.338822679437692e-09,0.09254344826385973,1.5208863019027894e-05,0.10371734657461695,0.000170426941011454
rest,9.79401179349926,0.009097106111647353,5.787752115843851e-06,2.1187621729087642e-06,1.8069152685157777e-05,4.188544991008932e-09,2.796325238957357e-09,2.391377666524723e-09,1.818715207229193e-05,1.6626408075100636e-09,0.09116837048769334,1.2525438646767913e-05,0.10477064043138158,0.0002212715708144384
rest,9.80497835809548,0.009160922035613875,6.5811406914553224e-06,2.2786599395067344e-06,2.2488886018193606e-05,3.5971978209627747e-09,2.434204076572355e-09,2.588639128074794e-09,2.246205363330443e-05,1.2429436788611773e-09,0.09122072502517865,2.114989054372993e-05,0.10481948589599353,0.00021374683332343135
rest,9.798005925135548,0.008936515090512425,7.002230119651987e-06,1.2043631020686044e-06,1.9243715759163875e-05,4.383610130702028e-09,2.4838298183750497e-09,2.3373900388519077e-09,1.9645002707097143e-05,1.5275384807868528e-09,0.09101564734822125,1.4748992757529368e-05,0.10472047660974773,0.00022424003113310142
rest,9.795417347377745,0.00951205641147997,7.022199720817352e-06,6.668913686311037e-07,1.4152007348230244e-05,3.88577749270461e-09,3.16121814432158e-09,2.9818967166500245e-09,1.4574137042943052e-05,1.4488868099436272e-09,0.09257887949742545,1.2497603730365384e-05,0.10352441487936884,0.0002175927799481711
rest,9.792493293578609,0.00982797687069281,6.9016316858885915e-06,7.116648705344119e-07,1.4524586292598058e-05,4.769937705060081e-09,3.1846592437704385e-09,3.1978262141159723e-09,1.4917806364484575e-05,1.9984687562774303e-09,0.09169945987059451,2.715587357295295e-06,0.10429066728724297,0.0002223859211977332
rest,9.79756873956685,0.008789594149707598,7.158656510477909e-06,9.043295829826979e-07,1.8950056117420992e-05,3.5961545020024223e-09,2.798252630959347e-09,2.084382610351152e-09,1.9387845381901115e-05,1.2085368102544828e-09,0.09168222065114705,9.04651187140792e-06,0.10457586932447166,0.00015536069884015464
rest,9.80183292127314,0.00919127768179402,7.26036481894963e-06,6.463770848944512e-07,1.556613748920956e-05,5.023389117626933e-09,2.20554968100362e-09,2.1433257119122947e-09,1.6013242263926372e-05,1.89013486327763e-09,0.091994906059988,1.4962440099396128e-05,0.1038240422607089,0.00023296906989592544
rest,9.800972214497463,0.008874254825036327,7.235767262190722e-06,9.185746706965154e-07,1.8266533211989726e-05,3.2549854544638417e-09,3.514323158042732e-09,2.3459831681368063e-09,1.8691963666235224e-05,1.4920072488000679e-09,0.09122971735537636,2.0636608176690307e-05,0.10459383861395916,0.00021461128531927433
rest,9.797871988766135,0.008908389682938679,6.775443394382261e-06,8.329395665382748e-07,1.754974404228969e-05,3.2714351478012742e-09,3.374630396478095e-09,2.2623169997509483e-09,1.7979608419146083e-05,1.4474880338061732e-09,0.0917683193597036,1.2772650398928537e-05,0.1040630999306077,0.00018365062120352928
rest,9.788910140446605,0.008544168399555416,5.0115201462059e-06,1.5136115687968662e-06,1.1817192697815861e-05,3.3999699325165466e-09,2.661869045203641e-09,2.01252832330969e-09,1.1750724396574232e-05,1.4459391966576039e-09,0.0930675657239286,7.889492094567918e-06,0.10295286722863764,0.00018249901645357342
rest,9.798087430787081,0.008765788717061934,5.617936014340653e-06,7.657330811860738e-07,1.1010482849821744e-05,3.5194461760443216e-09,3.1912003643625847e-09,2.2860676993365245e-09,1.1286187830374523e-05,1.679128194424328e-09,0.09348914801818217,7.883226376131467e-06,0.10259875156417435,0.0002477432933328815
rest,9.80016688122489,0.009031384489604943,5.47292872871287e-06,4.0690799683173423e-07,8.345885512994754e-06,4.187707216709753e-09,2.462905755231463e-09,1.6308373701769933e-09,8.590034325332474e-06,1.3959770325827329e-09,0.0939916361032135,2.3020958088155e-05,0.1019441108927219,0.00017942271905896243
rest,9.798351012834205,0.009227722660953825,5.5087414414030794e-06,4.954922761557902e-07,8.568927165492168e-06,3.872985831813232e-09,2.5660191702728497e-09,2.4792765318998525e-09,8.817242755654505e-06,1.6853034460952803e-09,0.09360447691598388,5.084150536388335e-06,0.10236828441985103,0.00019530015429911917
rest,9.795755495957017,0.008951030748743184,5.4789279283891175e-06,4.590897334001033e-07,8.240101396937923e-06,4.012412225968593e-09,2.6238252515031362e-09,2.161728103608664e-09,8.489797765460433e-06,1.5714146693084307e-09,0.09365847211409141,1.946084410549227e-05,0.10235723233540907,0.00017536190966712214
straight,9.798328230149611,0.00892277693248361,5.480961774520075e-06,1.0285713260054546e-06,7.093097177826356e-06,3.5461372568317677e-09,3.49351344531658e-09,2.245745219736573e-09,7.389989613901118e-06,1.6489416856764268e-09,0.09377172237552438,1.2846568743792483e-05,0.10175099892447115,0.00021654079237754377
straight,9.804316808306229,0.009182897262889065,5.847441608187762e-06,2.1339152071182223e-06,1.1707278584494296e-05,3.8792905465489325e-09,2.8298681269659412e-09,2.5999921166192084e-09,1.185695606673788e-05,1.2819993536674778e-09,0.0926076533037902,2.361324003597762e-05,0.10380969888809262,0.00017880982661894562
rest,9.796911929260723,0.009585334890826344,3.6537897615001866e-06,1.3217987668045396e-05,9.860134761785195e-06,5.191421060300141e-09,2.9507360368415178e-09,2.0888805439085093e-09,9.686063884168026e-06,1.8156976128813635e-09,0.09236494726394479,1.5979324492512207e-05,0.10352034459224004,0.0002152384870610648
rest,9.79247621234298,0.009389978136472719,6.7501546295999295e-06,2.302964212965786e-06,2.0287313462518726e-05,4.070604362284733e-09,2.70626599509541e-09,2.9965151552295934e-09,2.0367349220909826e-05,1.3235493026514e-09,0.0907019774310816,3.1909050626218924e-05,0.10541795461884518,0.0001907664279072185
rest,9.800595294931272,0.009410944677488688,7.284016960019161e-06,1.4275881464236061e-06,2.127806547628282e-05,3.703875046326903e-09,2.65342013735751e-09,2.7164411603027208e-09,2.183997900335565e-05,1.1130498627193614e-09,0.09111259073188643,2.7412964085160525e-05,0.10480007950632098,0.00017988748837864335
rest,9.800108882171413,0.009253098111534819,6.4523370888101835e-06,1.4221775023398055e-06,1.349179596521001e-05,3.694420449652867e-09,3.5185829307486813e-09,2.4751256965993097e-09,1.3923836549292391e-05,1.4727491590299189e-09,0.09231377462749324,2.138492536904666e-05,0.10387175289955411,0.00021258067977567314
rest,9.796511846467917,0.00916886636823197,5.562657854903563e-06,1.8545569225473336e-06,1.4445901661801691e-05,4.340286908887803e-09,3.284229393446328e-09,1.6127952304453612e-09,1.4795180068144802e-05,1.6713268905645825e-09,0.09198614878276554,5.6524163235881605e-06,0.1041242466020985,0.00019788135025208904
rest,9.797759028466624,0.009134648913574307,6.2588975361720365e-06,1.358205788786417e-06,1.3443864640659292e-05,3.5644784328652704e-09,2.639234749734937e-09,3.1284311725820933e-09,1.385991032676912e-05,1.3343561152689384e-09,0.09193892704176913,2.4005936392872467e-05,0.10390106071421745,0.0002109921027487165
rest,9.79484904029629,0.009239205956897787,7.038975824969918e-06,1.165537814780254e-06,1.6939683767632414e-05,4.687289500597343e-09,2.2936494233194925e-09,2.8047744366302845e-09,1.7404464787286276e-05,1.5185533382030129e-09,0.09213493307117501,2.2189826100747295e-05,0.10373373304671901,0.00019707151603539017
rest,9.797292346821866,0.009357968926012206,7.353769925514848e-06,1.295426825658339e-06,2.20046240289844e-05,3.5024321695502146e-09,2.386566835795771e-09,3.130745375095238e-09,2.2524171694214445e-05,1.470307469453462e-09,0.09208124358893875,3.148371485015151e-05,0.10374780489010568,0.00021054491284168764
rest,9.794292739968277,0.008888302267468028,5.246970155611759e-06,1.7741408808798666e-06,1.1748527252844078e-05,3.795412989048884e-09,1.9949713362873917e-09,3.025015159422633e-09,1.1600137959919615e-05,1.7482402281504746e-09,0.09268598150310987,1.4659143390754484e-05,0.1031234219423227,0.00022245467668777013
rest,9.796484228700013,0.00882406954969309,5.412992363720456e-06,1.075622852468384e-06,1.2973629046139221e-05,3.443151354774091e-09,2.645870630465644e-09,2.4853627027509544e-09,1.3204250965427728e-05,1.4669791453762936e-09,0.09291908218074137,1.9641135744284435e-05,0.10334685394168994,0.0002071817085983043
rest,9.798968284166124,0.008684579430368027,5.3855752393198306e-06,5.834429921395253e-07,1.0139912631898195e-05,2.7473395250650528e-09,2.397466491313687e-09,2.6340038327573368e-09,1.0433788905433105e-05,1.3116854493864661e-09,0.09327205236168659,1.2845627715518156e-05,0.10257221557840943,0.00018903481218715334
rest,9.798404350455444,0.009133639412741259,5.5672158514665845e-06,5.379125073890627e-07,8.672446640893288e-06,3.8163228208781375e-09,2.943730465972586e-09,2.564292124026215e-09,8.957989615217043e-06,1.6347207708346613e-09,0.09351150806193187,1.656151581152654e-05,0.10242113430026221,0.00020649039809519275
rest,9.797277105790188,0.009009587373278847,5.489815497395401e-06,6.54188601135505e-07,1.0245133506499534e-05,2.871846943187629e-09,3.1658520200776827e-09,3.0627356946541087e-09,1.0513836943394162e-05,1.5741876191841967e-09,0.09316447501326132,1.2953294353494534e-05,0.10297899396812665,0.00023404142158148266
rest,9.797875416228369,0.008839612391306238,5.451301072156468e-06,7.368972861460586e-07,1.1229905817951278e-05,3.5374881413999307e-09,3.0139290634424892e-09,2.1175626078413743e-09,1.1452425560686665e-05,1.1666990122916576e-09,0.09314255201405576,1.1083831151105382e-05,0.10311632330203786,0.00018491534215793584
rest,9.788139881268895,0.009100432937735534,6.338418084711534e-06,1.2626050617877923e-06,1.5611937319781734e-05,3.926079411761195e-09,3.0134576948151105e-09,2.4718253106925865e-09,1.6003071690726962e-05,1.6438328877959373e-09,0.08967811498332616,9.94810927846412e-06,0.10533706828518168,0.00020462242534483475
rest,9.79731889189937,0.009533008589674602,6.727040587083411e-06,2.677517512078323e-06,2.5320191626834577e-05,3.587296603792713e-09,3.069626790032661e-09,3.392045251735436e-09,2.553443571429167e-05,1.8049725183210894e-09,0.09063618919435609,9.624169223010667e-06,0.10545743372099055,0.00019549906672627427
rest,9.797670724487318,0.009327368818248185,7.527753202387177e-06,1.6003235810020441e-06,2.6563372379081576e-05,4.451664207056036e-09,2.5190796452159383e-09,2.7267171014427467e-09,2.7113640413077613e-05,1.7159142626064472e-09,0.09038026479859834,2.8307318422866903e-05,0.10535982386238563,0.00021788724500240264
rest,9.80262578542887,0.009286689560339883,7.065129364739323e-06,9.201028533185936e-07,1.7164018875290356e-05,3.9619896632825075e-09,3.0569412113776133e-09,2.521899554812603e-09,1.766674388175594e-05,1.5034605207320525e-09,0.09169944737078588,1.7284030727258343e-05,0.10425833243647209,0.00020067716010875144
rest,9.800586899938967,0.00919968344547175,6.836915453359281e-06,8.023071492833376e-07,1.682839279570167e-05,3.6351258528399753e-09,3.4580098899163008e-09,2.4390596368969768e-09,1.7323054672942036e-05,1.334286960271954e-09,0.09240123173112293,1.520352515824841e-05,0.10368728972889157,0.00016387265455276528
rest,9.79499741430209,0.009562192800778148,7.2129166242185855e-06,9.915122834740707e-07,1.900147365591543e-05,4.567211697247589e-09,3.3410064702555554e-09,2.3433674851798285e-09,1.953369845091717e-05,1.451860496670665e-09,0.09165390584288859,7.011330643957912e-06,0.10435850934667323,0.0002078454107036585
rest,9.796969028564048,0.010366054772996666,7.385638503623671e-06,1.0721095964101704e-06,2.3062382427071287e-05,4.512535313088869e-09,3.617153224071747e-09,3.089112680329926e-09,2.358334185350827e-05,1.582436055385274e-09,0.09129571194696921,2.885484109773486e-05,0.10501624166682927,0.00021076616371737173
rest,9.796533540295622,0.009247902234907375,7.367389373274403e-06,1.2523552098962988e-06,2.5657773212486244e-05,4.184419014222017e-09,2.6353178426576997e-09,2.9268993422724635e-09,2.6205018241969537e-05,1.6309752063464794e-09,0.09153435240690956,1.8175203853764205e-06,0.1045192847209956,0.00022218237090264464
rest,9.796965316056708,0.008931874801147014,7.541924235436372e-06,1.1949316367484353e-06,2.548965180122419e-05,3.918043538816043e-09,2.65931502656044e-09,2.1934369051454357e-09,2.606617184007507e-05,1.3889604786438676e-09,0.09183366904559977,1.4392591729484443e-05,0.10392233334791517,0.0001792688586184842
rest,9.800448534044857,0.00849302687402672,6.251853938656441e-06,1.1827620006814665e-06,2.004888242857209e-05,3.5578482406636244e-09,2.469010516525584e-09,2.7863335718616992e-09,2.041248490756303e-05,1.7666503965003854e-09,0.091381600415003,1.226538076676131e-05,0.10455495845594244,0.000203514878072923
rest,9.79245650909037,0.008652096483579959,4.974769159837402e-06,1.3455864421556913e-06,1.224519733922466e-05,4.148005736293039e-09,2.554776269125311e-09,2.3236793559001116e-09,1.2245894938850192e-05,1.8911608331033253e-09,0.09282214473173916,1.4172704139855365e-05,0.10328979087407214,0.00021359420110201357
rest,9.79827234147528,0.008742237157678396,5.429032690267085e-06,6.153485909524751e-07,1.2595885312436003e-05,3.225498072063021e-09,2.551702206588694e-09,2.581779445663558e-09,1.2926323838655762e-05,1.6114211065008494e-09,0.09322985605956931,8.611748357367433e-06,0.10305099131906448,0.00021078711166886172
rest,9.79856680893165,0.008873583822192855,5.534976759023576e-06,6.102721108467285e-07,1.11434307251373e-05,3.0763681006404673e-09,3.1835312196982186e-09,2.550417969053691e-09,1.1460916641481581e-05,1.4318238677396396e-09,0.09332058470903194,2.61040025085279e-05,0.10269417804733248,0.00020139733157220917
rest,9.796597094909657,0.008913541231272257,5.265894153298059e-06,5.570724582479135e-07,9.617374991913734e-06,3.3990060216403698e-09,3.061659198597249e-09,2.785073994902528e-09,9.902545302171525e-06,1.4072475116966882e-09,0.09311570608328244,2.0080645720886897e-05,0.10267819442210248,0.00020728345291928354
rest,9.795584417138878,0.008868809983773984,5.9633791366799575e-06,6.836415917314793e-07,1.303418022361845e-05,3.51910876824573e-09,2.8608281622460295e-09,2.8539625634880703e-09,1.3391322266698859e-05,1.4646234233090452e-09,0.09320496705000722,1.4932732627861518e-05,0.10299400061302906,0.00018490091557763307
rest,9.795782916101276,0.00977771342342994,6.993707933442913e-06,2.064070281007677e-06,2.5722696516954277e-05,3.990134580992648e-09,3.766582206712217e-09,2.938535825440031e-09,2.586674439311813e-05,1.5366703173217178e-09,0.09030371677722301,1.3786470752435868e-05,0.10591026846064198,0.00022573341235764422
rest,9.795722365936452,0.008659855753330972,6.24925325275661e-06,2.459322842016298e-06,3.0073550578577475e-05,3.5767830832289287e-09,2.0093488556409e-09,2.673691016744833e-09,3.0198456522948606e-05,1.2794900649771866e-09,0.08965667208743648,6.447696132060592e-06,0.10593756518715236,0.00017780019331063704
rest,9.796979283573611,0.009905141635205625,5.381064977442717e-06,3.5911561515410307e-06,1.8321531843294197e-05,5.893220813154051e-09,3.432772285759862e-09,2.2446140513450244e-09,1.870495095201638e-05,1.8790928316730617e-09,0.08980042863189282,2.2091142880843054e-05,0.10658831370425344,0.00021067543530202567
rest,9.795750017939469,0.00897774415590829,6.261257079223689e-06,1.496565304858552e-06,1.6610201321876482e-05,4.680023234776708e-09,2.855181117480019e-09,2.1439589393777616e-09,1.70458680402231e-05,1.8394104630219784e-09,0.09218061174558394,1.6623641141174646e-05,0.10403279552910973,0.00020215526170073162
rest,9.797459029916762,0.00928556412932219,7.184425818388782e-06,1.1444615410962788e-06,2.0731396599698925e-05,4.493912158947858e-09,2.428254806597646e-09,2.7052707686690317e-09,2.122793392066657e-05,1.2719797268395776e-09,0.09093347023131243,1.5174283185859952e-05,0.10494166844887906,0.0002006404840379854
rest,9.79771336218233,0.008497979530610902,7.23346331811924e-06,1.3304493687496347e-06,2.3960851291565507e-05,3.8955303297702035e-09,2.291906030886483e-09,1.9591049242843464e-09,2.4513475185587317e-05,1.3114321923548071e-09,0.09075028944893963,1.6806139654647057e-05,0.10518620004528,0.00019258864822114426
rest,9.795513264147914,0.009444332918174194,7.31785261729069e-06,1.4804142146306623e-06,2.682004086820773e-05,4.768928535541209e-09,3.225828978290506e-09,2.495763721462993e-09,2.732021142075971e-05,1.6356617620887887e-09,0.0902474901209244,1.8899458100178752e-05,0.10567350784891924,0.0002049555022624122
rest,9.796852520072,0.008645074429457325,6.701732298187002e-06,1.2377144255628173e-06,2.240585064338922e-05,3.4617817658299925e-09,2.2293300549853197e-09,2.3198228782240147e-09,2.2803456482052636e-05,1.1966395716788835e-09,0.09051848006183869,2.0971158436367707e-05,0.10541597570654292,0.0001735319959011774
rest,9.803502298550143,0.009551324732720839,4.6624575318350864e-06,1.600759496883581e-06,1.3049357573428002e-05,4.274007620301411e-09,2.9794326491972654e-09,3.0651190287225294e-09,1.2994225634531387e-05,1.7592675875039766e-09,0.09302014855596089,2.5771853720934452e-05,0.10279461390354906,0.00019411003294771674
rest,9.795110526179391,0.008778122814427731,5.556725560934161e-06,6.367506026289338e-07,1.1890573972122453e-05,3.5128405166286036e-09,1.9792554492175623e-09,3.245851813130173e-09,1.2224892222355478e-05,1.359736414868512e-09,0.09287803112208343,1.4652558069438868e-05,0.10286227848061169,0.00020374645751657474
rest,9.792995501104276,0.009192968067095414,5.590011371209397e-06,5.363297994326658e-07,1.0290982919470227e-05,3.468453848198907e-09,2.639168157088722e-09,2.83553242066697e-09,1.061171653757102e-05,1.2299338408374532e-09,0.09288780838702898,2.1020799148269124e-05,0.10299554872767187,0.0001795303531701936
rest,9.793338448298096,0.008815995303540491,5.611794282263485e-06,6.197400885937398e-07,1.081985678278766e-05,3.204572028918781e-09,2.880284452318539e-09,2.52958491200379e-09,1.1116231797919123e-05,1.3159965970963348e-09,0.0930926894393208,2.5909045138751463e-05,0.10287439112111717,0.0001957835168649716
rest,9.793845617593647,0.009129539205280276,5.175380434640775e-06,5.808806498280062e-07,9.60302823022323e-06,3.957812256487392e-09,2.463590618857012e-09,2.9941431364356404e-09,9.890322397348259e-06,1.5890695359082498e-09,0.09315299315696682,1.482747558293503e-05,0.10283748597221819,0.0002243431521334305
rest,9.796623330399013,0.009503206285084841,6.0752258576742255e-06,7.565960786165337e-07,1.40386625946771e-05,4.464259955656418e-09,2.720313180676493e-09,2.7367395506987903e-09,1.4420888369672539e-05,1.4913703467921265e-09,0.09097751378135806,1.833637033131905e-05,0.10479108465374912,0.00018583674062757816
rest,9.806645523686269,0.008857786507929427,6.666867295076904e-06,2.625218076019657e-06,2.8636153795359682e-05,3.169662604041434e-09,2.7099641206322524e-09,2.572039326527119e-09,2.858979732578349e-05,1.2142187595043443e-09,0.09032529052236084,5.155039780862829e-06,0.10569558511862182,0.00019161733074985816
rest,9.791550551712723,0.008596597718816993,6.965274146441768e-06,2.0862895246111236e-06,3.169087234256874e-05,3.632072415779312e-09,2.213669014216121e-09,2.80081762434371e-09,3.1888649334360014e-05,1.5476257524864775e-09,0.09016033006585884,6.6236300264034425e-06,0.1058086940351539,0.00018872817017541015
rest,9.801328172458867,0.009413206140412095,7.214251338238068e-06,1.1028058459196474e-06,2.17281327789071e-05,3.4977910823017624e-09,3.245433669139704e-09,2.921310491940786e-09,2.2300955108017527e-05,1.3808296108208727e-09,0.09097939135387256,1.476730487356254e-05,0.10512874410003274,0.00018441244650862126
rest,9.799897783629472,0.008588565444325244,7.09671428918967e-06,1.0458081974102579e-06,2.046995553113301e-05,3.3508182367696325e-09,2.2179362016737763e-09,2.36116086217656e-09,2.098044871501858e-05,1.1574491735273874e-09,0.09093617684454697,1.8325243322819147e-05,0.10492102838445397,0.0001636162071192605
straight,9.793827739457702,0.009494530222042035,7.383376541868061e-06,2.677928974459709e-06,2.1167504588724562e-05,4.773239506949534e-09,3.2085287640779923e-09,2.6545948797775846e-09,2.1823568901608596e-05,1.8007418763850113e-09,0.09086434932140945,1.6672075550687775e-05,0.10398940264648725,0.00020533608813829468
straight,9.807010256451333,0.009710319838808469,6.20753649903185e-06,6.61858886035444e-06,1.8517731979061096e-05,5.4138404126114406e-09,3.2753537647964325e-09,2.5735882160444963e-09,1.8587095005130258e-05,1.8522707789905049e-09,0.09085136243164903,9.519049447200373e-06,0.10572308717197962,0.0002662772753116481
straight,9.914725733888979,0.014557406001884538,3.6671567851383875e-06,9.394581122227669e-06,8.400597809617928e-07,5.778830402081748e-09,7.948501390980966e-09,6.567527381830653e-09,9.631823428031874e-07,4.032086615545466e-09,0.09610348407984633,2.0745832221803686e-05,0.10153401771413371,0.00029651904916864244
turn,9.890895245892816,0.06547161096643157,1.0282877365813831e-05,1.0338999412457662e-05,5.980043754190579e-06,1.1749706528203094e-08,1.7589723892235428e-08,8.816504531260782e-08,6.339939366391465e-06,7.553971625450033e-08,0.09144588023717501,0.00013388190635219488,0.10479362764630065,0.00122404390443845
turn,9.882227167358744,0.153136416530754,3.490734360862072e-05,2.4696588331683358e-05,1.560050094096998e-05,1.4605602531133393e-08,2.7675199387673615e-08,1.0082516144430314e-07,1.6622817498841775e-05,9.749580145489425e-08,0.08694005437226776,0.0010749231974040616,0.10694550126280068,0.0021519609696391802
turn,9.86626638992077,0.26492989716022874,4.806482567077581e-05,4.410490398206278e-05,2.0808982688026815e-05,9.496753541070824e-08,6.666564093475595e-08,5.108090832512325e-08,2.1840227256112492e-05,6.064996368472083e-08,0.08814774535984442,0.0021034035800341607,0.10933206946262536,0.003248112948431515
turn,9.98571854462898,0.33644767063624353,0.00012817768238366858,8.408603923054689e-05,5.836809770427519e-05,1.7369478959755022e-07,1.2298539695079561e-07,7.117631101644401e-08,5.6837459004911924e-05,7.347805480969547e-08,0.0815952455696134,0.0030015328324720586,0.11542091087361046,0.004043631415727898
turn,10.23477379843107,0.41804241111238205,0.00019222090309080906,0.00014381137887630317,5.78869259137053e-05,2.720459417796131e-07,2.238088400770406e-07,1.933067128229226e-08,4.7581281017252705e-05,1.9526947683253813e-08,0.08693331918838951,0.0036286612713532407,0.11557934796491469,0.004389416861589563
turn,9.953640639098989,0.18884571964379712,0.0002838491924943348,0.00015850553171217033,0.00010827468558156774,2.1652716703857614e-07,2.256782497467258e-07,1.1222776881598557e-06,0.00011435845479027679,9.373772903220816e-07,0.07742107033210224,0.00044285251080702714,0.12329790821923547,0.0036318676075397377
straight,10.06803275211053,0.06205992909106977,0.00010028426637291044,6.253279779649085e-05,0.0001338617432108953,1.5869717283084527e-07,1.1488253517999686e-07,1.0741422472417405e-08,0.00013899715509502433,6.085024979294511e-08,0.07341929359993705,0.00016237871963978255,0.12943241456021548,0.0013236536254338687
straight,9.855541077816698,0.04185899920967361,2.894239731222787e-05,4.3013830563526934e-05,4.128135345336057e-05,1.3351913995647423e-07,4.513669018208311e-08,8.899279700587578e-09,4.150020724786895e-05,3.6304837720132097e-08,0.08465075698386867,3.357296390093675e-05,0.11354303215883038,0.0008213237284339421
straight,9.835197021931963,0.05444909589771732,6.56766113454687e-05,0.00011352562313476778,9.356048547303081e-05,2.1887342712534731e-07,1.0588287264867675e-07,4.2287067942438315e-09,9.33931422815157e-05,3.941631422435782e-08,0.06809583639420934,0.0001653699936026601,0.130245247101673,0.0010476479788479758
turn,9.972734879477184,0.05629296937525452,0.00011739810992676664,0.00012723566235208595,0.0001169966737986143,1.1781363354772755e-07,9.789986709923485e-08,2.208426849332482e-08,0.00011768069424998606,6.683874923039607e-08,0.06973052646831775,9.033297045665226e-05,0.14384620601664475,0.0013791574278422707
turn,9.9265598587539,0.0908568316816756,6.275197409661683e-05,0.0001487791439808692,0.00020413465332960073,1.8974346399122143e-07,4.161772743735428e-08,2.4422894865582015e-08,0.0001960006984967808,2.4609558093232084e-08,0.05895683850557073,0.0005428200541088994,0.12414641433524777,0.0016360600577032703
turn,9.872354590780816,0.09914269023000061,4.433903904484181e-05,5.4220754655296884e-05,0.00013379094256762598,8.526344320346985e-08,5.198270007856411e-08,1.6428259355691405e-08,0.00013583692667882237,2.139333043278599e-08,0.07072105663998966,0.0006273046365775516,0.12699771357132364,0.0012621652937216737
turn,9.95934046691562,0.17070515538811495,6.96438012397668e-05,9.618990181465078e-05,3.678584642879821e-05,7.17882064882689e-08,7.548056471340283e-08,1.1210691359538982e-07,4.10580664228108e-05,1.2413923089935336e-07,0.08221659167737783,0.0008074465932589709,0.11821282042735913,0.002167755088891595
turn,10.064167026379225,0.17442578539480186,7.192684043718765e-05,0.00017216028735295955,0.000386751165794593,9.336205296388088e-08,5.316335920807035e-08,8.5064770207994e-09,0.00037268542897437006,8.598733283571085e-09,0.05964129498405334,0.0014900877198605158,0.14065837405872467,0.0020860329565573813
turn,9.868776051534883,0.1469421825004497,2.2402038455252783e-05,5.2400249946715316e-05,2.4611449496390215e-05,2.6291687025686745e-08,2.388676529174658e-08,2.5631713743342134e-08,2.3662447897963355e-05,2.442603330098515e-08,0.08566786073045043,0.0011294476183528303,0.114542575051137,0.0017354730134667938
straight,9.828952314983688,0.07300456827901854,1.0077164596726802e-05,1.0892849393660291e-05,7.3999817349391456e-06,2.0856433462551683e-08,7.615594148080116e-09,6.28973972303348e-08,6.558946201084423e-06,6.607366128146705e-08,0.09019006557195418,0.00026690944989200593,0.10424242135938809,0.0012384548889988983
straight,9.896641680333637,0.03156432157524548,8.356102884683777e-06,3.910535474420843e-06,2.9652807405428145e-06,1.1414189826745848e-08,1.1997490511283153e-08,6.745064892338571e-09,2.6581237822285275e-06,8.547273379938451e-09,0.09373828744532599,0.00013617249883181106,0.103647979662524,0.0005474811376939763
straight,9.867058548033611,0.0171400813924605,6.080947818571063e-06,2.8748860694335487e-06,2.132485292985414e-06,4.6859085577765735e-09,6.873373069678578e-09,3.757069797751405e-09,2.050528256463325e-06,3.344828582901113e-09,0.09498842700699735,4.816391203494488e-05,0.1017341337767281,0.00030370771728159774
straight,9.856616629060674,0.015744448541516347,6.9302106565457745e-06,1.008919562036219e-05,1.9125879797527207e-05,7.582381281053761e-09,1.012740784035501e-08,2.445858850435333e-09,1.8255061256763812e-05,2.9691603137157797e-09,0.09038112209292952,5.358412860670572e-05,0.10592794666871254,0.0003153419780531786
straight,9.818322795997604,0.00928534784380906,4.560419397255598e-06,6.58588622529933e-06,1.2918729915710361e-05,3.4626934420848345e-09,3.4797210277427113e-09,2.57141556469935e-09,1.2459957604015232e-05,1.9423481919324585e-09,0.09191116583659142,7.015865322246187e-06,0.10443855634571256,0.0002172669529106319
straight,9.793360378849158,0.00880300522330979,5.117121812959405e-06,1.985872931095825e-06,1.00486318799843e-05,3.5521440756404406e-09,2.0650143157116565e-09,2.8212238123166977e-09,9.771441462716179e-06,1.3523220524977907e-09,0.09308338597812339,1.7335707664834978e-05,0.10267688644314368,0.0001825372279926632
rest,9.805274444260085,0.009372648318978887,6.958598063168948e-06,1.6139909860778523e-06,1.593817688922287e-05,4.614324867555756e-09,2.718833640298982e-09,2.4320771232138185e-09,1.5618293530768422e-05,1.866371274369457e-09,0.09170603212354261,1.2302420342068956e-05,0.10422518067237489,0.00023255018429979644
rest,9.797369206856903,0.009708784318657343,4.7829566755572285e-06,1.3715916077033877e-06,1.2009011496010855e-05,4.50760525810473e-09,2.703748911482484e-09,3.0420813471779583e-09,1.1737799082273803e-05,1.5515191076741331e-09,0.09229186049176688,2.6312494809161057e-05,0.10359221935280924,0.0001841063789301535
rest,9.798134684187604,0.009002691821187674,4.426448487217916e-06,6.763383020581165e-07,1.0453117963674673e-05,3.1422499851063562e-09,2.4007511580823896e-09,3.762411283879575e-09,1.0503843559208733e-05,1.310241173588866e-09,0.09342599210598033,3.309037916387051e-05,0.10239523147873407,0.0002318985942262435
rest,9.794878620501416,0.008802225773865899,5.512207921223271e-06,4.881998338536879e-07,1.1266191604123582e-05,3.5765651144342954e-09,2.3488518978937488e-09,2.9848720389766194e-09,1.1466950178085008e-05,1.4906898835353634e-09,0.09296244225685668,1.610835226586797e-05,0.10285198064494731,0.00019850739567734882
rest,9.79194045036364,0.009175798534301772,5.5262478066504244e-06,3.987203410005069e-07,9.606399657970046e-06,3.6904126436208885e-09,2.859274413781821e-09,2.521960385066226e-09,9.799846777449629e-06,1.4735411313531642e-09,0.09336685432609405,1.692785125363269e-05,0.10239110535527866,0.00025129196290292325
rest,9.794910898501646,0.009010230468483578,5.365934810099127e-06,4.399895597131453e-07,9.805586108102963e-06,4.428343844465302e-09,2.494647470986321e-09,2.0069997428850193e-09,1.0009748427149613e-05,1.3103473370196497e-09,0.09321412904967476,1.771721703922058e-05,0.10274862232280095,0.00016690825405026247
rest,9.795433388919012,0.009111564630536695,5.08266834623279e-06,7.494568879576964e-07,1.4011819151124246e-05,3.96185784718987e-09,2.6960251243496614e-09,2.844116086928501e-09,1.4142364914461784e-05,1.3604877239442578e-09,0.09137811896285263,2.882931954716925e-05,0.10502867251197608,0.00020502698453475504
rest,9.804554947271745,0.008652605214760646,7.480659694369714e-06,1.6987743974395586e-06,2.0696488304458964e-05,3.08938850509532e-09,3.1800046025927e-09,2.322255897594988e-09,2.0334170459641277e-05,1.3406491848301975e-09,0.0911518254068683,2.691066389671454e-05,0.10488451166183811,0.00018316565119644995
rest,9.793259173896871,0.009349350779745833,7.375292362288117e-06,1.8076217957786874e-06,1.8709530978004864e-05,4.484657687724077e-09,2.93689972652465e-09,2.4790441952440745e-09,1.8332847535267394e-05,1.6688015111889722e-09,0.09154874382273702,1.7163366411022056e-05,0.10440557005744354,0.00023962852889788767
rest,9.79758530476796,0.009212039609158207,7.250268531817207e-06,1.2417947356551406e-06,2.360858707336284e-05,3.735450140072908e-09,2.493184415399859e-09,2.694192060616462e-09,2.3756876706741693e-05,1.5892109441649882e-09,0.09230794957878773,3.237271805685183e-05,0.10366151408497419,0.00022769808733485848
straight,9.804752667659633,0.009084946367555741,6.2313632652731895e-06,7.3882495222420495e-06,2.0191720450858816e-05,3.5322749341997954e-09,2.632132656857784e-09,3.4490877428714748e-09,2.0427112224553146e-05,1.5828206893370984e-09,0.09173418230782038,2.26331368291095e-05,0.1048758450746943,0.00020824106264214919
straight,9.797674166185148,0.009644694690769265,4.2547809968383886e-06,1.7121519820292571e-06,1.1767525718836197e-05,4.8313893550745095e-09,3.0415628561679658e-09,2.311732822210482e-09,1.1586951881115993e-05,1.7381154787079273e-09,0.09127411229418457,8.979881608208996e-06,0.10490738537210158,0.00019836624311408217
straight,9.849871174809355,0.013397592388354987,2.8631743831075976e-06,4.892651640960672e-05,8.349490529410686e-06,1.4631555364472446e-08,3.5566357232763906e-09,2.7531815967244317e-09,7.778708073544685e-06,4.6952660692080094e-09,0.0930512149339572,1.3761335293906969e-05,0.10490892601263875,0.0003107115094112226
straight,9.799678392578192,0.008607719433986935,3.3725169801481965e-06,8.400855854214289e-06,8.799723459034065e-06,3.231864206271034e-09,2.8280064489677482e-09,2.3628794495749804e-09,8.692118598573891e-06,1.3289944349134804e-09,0.09252560183860196,2.004742283578103e-05,0.10322258953129344,0.00020656820561524916
straight,9.799050365167625,0.01094266704225867,3.695746207700824e-06,4.257324161519662e-06,9.517052427760938e-06,3.8449162319276195e-09,4.456310344326901e-09,2.7812606371385055e-09,9.334551432437738e-06,2.1858445658751603e-09,0.09264461440155225,1.197422170192366e-05,0.10343609398848273,0.0002518588545193022
straight,9.791325442912147,0.011748316298210219,3.144021760358594e-06,9.543851997088604e-06,7.1056493824873565e-06,6.50605534575171e-09,3.341055633679977e-09,2.2973865559289546e-09,6.962369940576244e-06,2.054372830794182e-09,0.09311241356518585,1.3065751223199735e-05,0.10358723920663161,0.00023203513180505828
straight,9.82186000832202,0.011830167838483039,2.5019106649216196e-06,5.2638385937264434e-06,2.0643596863915983e-06,6.92754258034883e-09,3.0965120960967576e-09,3.7608496134181986e-09,2.102543093209281e-06,2.156640618153048e-09,0.09501826846871803,3.1760817681393326e-05,0.10144603747007237,0.0002510888141168182
straight,9.831761849117964,0.011466324151126974,4.070389796619837e-06,3.2607303236678566e-06,3.54901045958181e-06,7.3346431893380964e-09,4.419714530614872e-09,3.2927365633618563e-09,3.7235060038119165e-06,2.8492052139971484e-09,0.0943744588685898,2.3277513918414922e-05,0.10293023206179466,0.0003024999081097375
straight,9.847760832172801,0.020540385639086712,8.496797705193285e-06,3.5447842198964793e-06,2.659719414302013e-06,1.1856897392839152e-08,8.405368697353604e-09,6.439684892701345e-09,2.6966284665574496e-06,6.951763900744646e-09,0.09329767054989933,1.5257258779953327e-05,0.10183221040262622,0.00040394870699984983
turn,9.794900497152966,0.036361797861379185,7.724295340252672e-06,7.958272871070326e-06,7.263508932163089e-06,1.699218544959768e-08,8.078661053440497e-09,4.555785265133024e-09,7.668552851699603e-06,4.5551962592044305e-09,0.09201462075814451,0.00020958775713340676,0.10446989755130914,0.0005205072218171083
turn,9.836954124434943,0.05039200396654554,3.127593941535772e-05,2.8273582772752658e-05,6.246686059724296e-06,1.4616282266926923e-08,2.8325307070146646e-08,4.933300150856221e-09,6.417107296967392e-06,5.838612803524109e-09,0.09290861743099832,0.0003449115092068266,0.10514996994840893,0.0007096979687783949
turn,9.879951026496547,0.04378825270165117,3.848060308609558e-05,0.00013397001539524513,5.479406883327707e-05,5.028165233005873e-08,2.409100383015414e-08,4.650399168297522e-09,5.7207569869323927e-05,1.0537983395057557e-08,0.0766456093719406,0.00023408206108424266,0.12671507024664697,0.0007557890341564323
turn,9.996129664643238,0.09923437268013212,8.217363411053623e-05,8.722274054106139e-05,0.00015009817810231023,3.92631627495139e-08,3.2177833215878875e-08,4.882690230947441e-08,0.00015515528926554522,4.7643879638405355e-08,0.07538573628698071,0.000504023685517955,0.13343103437705356,0.0013785758611561168
turn,9.850494444838915,0.11390165080800546,4.331010233885482e-05,6.364155440461526e-05,0.00013903084191774776,4.62977723547763e-08,3.09365045371548e-08,5.589457846234156e-08,0.00013906258073904885,4.801518626601747e-08,0.0759234678238274,0.0006997154773551917,0.1276837108958723,0.0016269696307844744
turn,10.14882897600204,0.15438337739185345,0.00027401366447915305,0.0002537993964634082,0.0003595223022201,1.575890202776463e-07,1.9930192973561738e-07,7.369164052440973e-08,0.00036237382115378525,5.6990275264161413e-08,0.03389097577192677,0.0006895057332966412,0.19458488725865938,0.0020078385065260677
turn,9.865388228697913,0.15050748617908624,8.084482515594147e-05,0.0001483212936549203,0.00040990383059050114,2.922433910034212e-07,8.085595475713823e-08,4.541298797030593e-08,0.0003869893133705039,5.887296796880299e-08,0.03958252333980003,0.0009515920675701214,0.1697012840708264,0.0020298951546564655
turn,10.012920218824156,0.1147984544135299,0.00012155801385444274,0.00011081246616578431,0.00013616834667817514,7.415402051549479e-08,8.441370124478341e-08,5.937645814883552e-08,0.00014283027310868664,6.996018262514445e-08,0.07430168336142894,0.0006999298414151976,0.13364088336801921,0.0016904522846624436
straight,9.830283748831757,0.05669196917002874,3.5505890713208776e-05,3.226834246573781e-05,3.300428714496999e-05,3.4498130872679124e-08,1.32900213788168e-08,2.3050407736914388e-08,3.431531439350766e-05,2.1886973017188817e-08,0.08492565743384028,0.00027689265075901606,0.1107509895908056,0.0010426574907932897
straight,9.95286286503554,0.03784247389487092,5.534957085754691e-05,0.00020726798846998628,0.00010464159454186966,9.116272865376866e-08,3.1152122443947463e-08,1.3546957057418775e-08,0.00010554518623641505,2.5200429923481435e-08,0.07328990027583586,4.312360935644298e-05,0.13107043643679286,0.0010228661145886661
straight,9.891352961304051,0.033299676056886135,6.426051679125669e-05,0.00013095075939784025,0.0001618378274196362,9.10810050473132e-08,3.6557493381799707e-08,5.945776168538174e-09,0.00016511852368733787,2.7083129280579138e-08,0.06579693234193351,6.917509590314789e-05,0.13189223779825862,0.000857620329294578
straight,9.78563097338575,0.04359433754378879,0.00010147240907875468,8.828083453556694e-05,3.6101586613340415e-05,1.374760468862264e-07,5.670393519438248e-08,6.289162807864053e-09,3.6259246114493964e-05,3.5348114343708814e-08,0.07993432765468292,0.00011388036410662403,0.11610914428908639,0.0010872457163709132
straight,10.304204241656967,0.050082879853069195,0.00028609297972815965,0.00044376250516348564,0.0009218873528285425,1.6233982310976361e-07,1.0974056128192963e-07,1.2932459098416279e-08,0.0008759714123316232,5.9602399070177214e-08,0.040281078587299846,9.591185644068348e-05,0.17861441851103949,0.0010959174771392028
straight,10.114275839777326,0.05393254269270007,7.120556156074041e-05,0.00018631995148557238,0.0002164772193883741,1.0674820718415327e-07,9.69651723477937e-08,1.2061887722920255e-08,0.00021969413501831623,3.8344424819559386e-08,0.06442901317458774,0.00020937776305378738,0.13864638954147976,0.0013735519628985504
straight,9.943406193674678,0.033117158259761345,2.337093569851378e-05,3.680529733096829e-05,0.00011492556709175202,5.7451835000263084e-08,2.4130237912436028e-08,3.683443604187618e-09,0.00011672257542021127,1.66083271604193e-08,0.07217972841930459,0.00011255930071494007,0.1329113152370722,0.0007003617026455005
straight,9.834910345596029,0.040782262915273454,8.645186224671614e-05,0.00010674197236661217,9.401088916734379e-05,1.0455673606291211e-07,7.754615575867732e-08,6.720012962457832e-09,9.016134783447184e-05,4.760282556548658e-08,0.0754912455428659,4.6654587857436474e-05,0.12202382718558093,0.0010606515422684798
straight,10.189161666617835,0.057239064700131376,0.00026409637321141784,0.00034022090862526397,0.0001394123093301872,2.510267346071703e-07,1.1714487970196162e-07,1.1917375234909072e-08,0.00014622565086499047,9.050458651068628e-08,0.07600698035205058,8.618332760133369e-05,0.14685795478585023,0.0015620432486552179
straight,9.762655978547398,0.042846848588870924,6.443887230502843e-05,0.0001865486699216604,0.000274614710491161,1.7210808984287997e-07,3.96751464882379e-08,5.156856103889397e-09,0.0002598637364114365,4.1407763678133184e-08,0.06580317374862917,4.471179192439621e-05,0.1352250233514668,0.0010018199481199015
turn,9.823235736734254,0.06039098824694933,6.971281129867379e-05,4.166381314370575e-05,4.6220952067038625e-05,7.137362765403085e-08,5.2990674460214967e-08,1.2443459765987764e-07,4.3293795779715785e-05,6.273578746243352e-08,0.08232425922495498,0.00019015031916677145,0.11389024579967967,0.0013116791744535049
turn,9.842923086739042,0.1499163568804918,6.258203508979779e-05,4.637649608795397e-05,6.678716573284639e-05,6.664761525885864e-08,5.177415283772323e-08,2.197491374932108e-07,5.9225606411245915e-05,1.9847224586647383e-07,0.08231983510652867,0.000856730845139569,0.11529660759608283,0.002375458806291053
turn,10.003719064002093,0.31694894889121455,0.00010246108838309908,0.00011657917969830978,4.187571051915411e-05,8.285455507987238e-08,5.5184221207731774e-08,2.0768329479879855e-07,4.7750239965904415e-05,2.144570521712337e-07,0.0841915122523511,0.0022825136490368194,0.11685212442794335,0.0040482580031393454
turn,10.084596893895263,0.3729423484501644,0.00011692356962434917,0.00021641462796984104,0.00018729085308354516,1.0928514966122e-07,7.409233480054057e-08,1.5350618857027615e-08,0.0001604730129552269,1.7790664184023724e-08,0.07182155785602634,0.0034030485821386794,0.13103565280638285,0.004030515487899553
turn,10.01002624953634,0.34138122793386355,4.805939170044765e-05,4.944210532328319e-05,6.876063913151206e-05,5.179957927661251e-08,4.286147586684871e-08,1.4353786875495895e-08,6.789071708260188e-05,1.519714876720176e-08,0.07845870535454377,0.003151824225261179,0.12801646308740947,0.0037105872584940764
turn,9.922431765457345,0.2993154095205684,1.560354549591625e-05,8.922381515627731e-06,5.033657401640457e-06,2.150161073746869e-08,2.9033496095810718e-08,8.4093684844729e-08,5.504449329496557e-06,8.621292237898278e-08,0.09229581922836651,0.002346618091700077,0.10465763634611693,0.0034400921741054003
straight,9.828445891010736,0.0884386834957009,2.1149282349695904e-05,5.0192432495849404e-06,4.976279459435423e-06,6.713723218369119e-09,1.0364657827562304e-08,5.849684220289193e-07,5.258003887395142e-06,5.47318275469488e-07,0.0942159068674997,7.452102796164996e-05,0.10362233330570733,0.0022902748201380544
straight,10.039699065055972,0.033627526912698505,0.00011329841639712292,8.940354588934414e-05,2.366050632896643e-05,3.795806171817343e-08,7.940959598467679e-08,6.292980447114679e-09,2.5699741056195245e-05,3.6858330358546265e-08,0.08689525988349331,8.668638197589364e-05,0.11341571839003248,0.001015961550534965
straight,9.961141615438033,0.03731331080850813,8.961337554756429e-05,0.00015912545881676142,0.00026153871481718094,9.349776893038283e-08,5.248426647861783e-08,7.16906715657595e-09,0.00025353410612792874,2.36835179639836e-08,0.05753240188500502,7.210447487384271e-05,0.14629558808687668,0.0007498948359691733
straight,9.682774404600737,0.027627132425500668,1.117314888844112e-05,1.4427220792364268e-05,9.600557277565478e-06,2.299593343828993e-08,1.775606330044833e-08,2.96565997573223e-09,9.908768361074938e-06,4.1265684610674475e-09,0.09022103229385942,0.0001439190431887147,0.10597015769012642,0.00048573451380952643
straight,9.834669812521032,0.01871733159521931,1.1353685543032406e-05,2.927787099962937e-05,1.3601779903011324e-05,2.5875483346859876e-08,7.996444472655406e-09,5.316883721767841e-09,1.3552346960416942e-05,8.98119329483368e-09,0.09015207461253995,1.4777781732620752e-05,0.10633646344148204,0.0004921199757394725
turn,9.959936685530568,0.04295434436484124,6.897101616400237e-05,0.00014811031014559198,0.00012549251955877735,8.864941271224171e-08,5.399278116524501e-08,1.573224485907599e-08,0.00011994891521531751,2.3976065237355966e-08,0.07535037522640645,5.561534307091634e-05,0.1236413665430325,0.0009753807269582963
straight,9.843484796790966,0.0488378156255566,4.561469255050267e-05,7.695572998516087e-05,4.438442267657036e-05,7.63260144485808e-08,3.351391474117401e-08,5.360617166683705e-09,4.290690265097367e-05,1.5023289509752833e-08,0.0759018111400425,0.00024093282117005764,0.11328463477567657,0.0009010664258612691
straight,9.823143226931615,0.04221058113563057,3.868163140327248e-05,7.873071038092103e-05,4.417610525432244e-05,7.004375035954286e-08,4.7476046968028106e-08,1.0505399021022034e-08,4.306624736106456e-05,2.3921988695345778e-08,0.08263295795658944,0.00011198365463229413,0.11461526834310927,0.0008229212424801715
straight,9.94683290343783,0.047209372827159514,6.443653809101604e-05,7.852558168283559e-05,6.625241979059678e-05,1.2232716802826036e-07,1.1716906564168149e-07,1.5856099854091407e-08,6.0961781388972984e-05,5.2853256293413377e-08,0.08088553945829789,7.352346438203499e-05,0.11759983105147895,0.0011226912747694503
turn,9.818970282063193,0.054430695598568515,7.15519769095956e-05,6.781303137901969e-05,0.0002590877957886026,7.182560743682303e-08,7.801665437311609e-08,1.5065252209254544e-08,0.00024275227220774506,2.8217752498094898e-08,0.05281302959289,0.0002620718131601108,0.13751002221802477,0.000953276430765061
straight,9.760519626441592,0.04391208715749736,2.541501752124484e-05,3.3916415636412235e-05,1.3328021747731884e-05,1.1540332073013548e-07,1.4206899386124203e-08,1.1436793493602615e-08,1.313436588960578e-05,2.3694123425894565e-08,0.08867491486590888,8.356536762065205e-05,0.10799631704302878,0.0008746764846398351
straight,9.964397140409336,0.0346138103219884,2.342739562171195e-05,2.7754117973663677e-05,3.6628040176473174e-05,7.360788958285516e-08,2.765504439102828e-08,3.887784856024749e-09,3.626604529577682e-05,1.2716208198327283e-08,0.08528060540820885,0.0001300977885273046,0.11029217884273916,0.0006931310337265758
straight,9.777365001891726,0.02671334530364226,1.258478306617054e-05,4.653169952558647e-05,3.917540265313351e-05,6.356661417881789e-08,1.0343678614615267e-08,2.8464858153352127e-09,3.973101863032155e-05,1.3068308838184139e-08,0.08227404553910843,8.642323232389338e-05,0.11309393361637095,0.0005608243271791569
straight,9.81025322513102,0.04139145458780294,1.6121379849711063e-05,7.912831509213358e-05,5.204278933437882e-05,1.4711830304778546e-07,1.1058838571368787e-08,3.827703260237627e-09,5.442306519784328e-05,2.741815554226066e-08,0.08016224124648849,0.00010635034345300883,0.12275194249572131,0.0007942681519009641
straight,9.895025539531016,0.035333411943572465,3.679847098058966e-05,0.00022529194210140537,5.492110241945159e-05,7.858497758957558e-08,3.2636029365720935e-08,7.880927209210545e-09,5.34198284173575e-05,2.0395149071768635e-08,0.08138391700784395,7.894671175789873e-05,0.11818536472894238,0.0006775431369838084
straight,10.05834487097166,0.038359064815073014,2.976114435058867e-05,0.0004874748198451683,0.00017530048864917907,1.598087190284202e-07,2.4976952417003717e-08,5.955433494779916e-09,0.00017597843771419847,4.2692416993959186e-08,0.06497085085350335,9.382921049140684e-05,0.12455697966623594,0.0010207042335563105
turn,9.788105765514404,0.04416264687284813,3.107336323015483e-05,9.952956511477143e-05,3.53860921328391e-05,9.632102604482163e-08,5.4191983285963416e-08,2.2208699653278912e-08,3.553640760705275e-05,3.814995778110048e-08,0.08201378019122908,8.619165587017246e-05,0.11372229803214395,0.0009293660526445698
turn,9.934428615936792,0.08663688241612816,4.204403797437587e-05,5.546741095554142e-05,4.406033790331363e-05,1.681535072910123e-07,5.0853995333295826e-08,3.88580602241773e-08,3.8875735268338154e-05,3.706123355863512e-08,0.08414827961951055,0.0005280063808349124,0.1218339261089214,0.0013479919664670873
turn,9.981672516029155,0.2092628211599354,5.55899941167498e-05,5.649741067575274e-05,2.178455421806546e-05,1.2913132950107512e-07,8.29131827637814e-08,2.518176132234288e-07,1.7768204820825055e-05,2.4533450671194456e-07,0.08993142714815269,0.0012619733544785685,0.11218221315278976,0.002876802077305339
turn,10.06055316010138,0.3629471440274014,7.090256363086029e-05,3.732010789262466e-05,2.695028311659629e-05,7.407503293909232e-08,7.549191799920357e-08,2.1163143606149636e-07,2.809190829247052e-05,1.9821922276476436e-07,0.0808998721412491,0.002693325036079836,0.11262514216178841,0.004221330296884796
turn,9.950231915278458,0.3888667465992056,6.54424560132214e-05,2.1374556720629604e-05,1.2340794247617113e-05,3.247731377109286e-08,1.4487927530875595e-07,2.3454370304331263e-08,7.944922376440106e-06,2.2061506810405738e-08,0.09186195387092934,0.003623577021555739,0.1056299855435516,0.00420762273950635
turn,9.809038774475388,0.33569642546859574,2.4061600172092036e-05,5.6871829167754026e-06,1.673689923890057e-05,1.4000358313935124e-08,4.699970055431465e-08,1.7924715823234178e-07,1.4397733257473896e-05,1.7368456810384423e-07,0.09242919025351864,0.002199483017440621,0.10857013787760286,0.0037697627953811436
turn,9.85992937635531,0.11495741093848223,5.3472578104496164e-05,1.811105389718829e-05,1.7657333624000307e-05,2.9294162674508105e-08,1.0762706459951127e-07,2.3452362039469545e-07,1.9042356034958065e-05,2.184993493030125e-07,0.08944186631025627,0.0005226711063182003,0.11018500380667773,0.002143986010134674
turn,9.820745658104446,0.062260367852214116,2.5733795188109044e-05,1.1312496240286997e-05,1.7411592512124617e-05,3.7748393295038395e-08,3.109243195665144e-08,6.416079348865923e-09,1.894762285278461e-05,9.543611492989248e-09,0.08777226905112082,0.0003769961508084458,0.10845769621061041,0.0008192151917648856
straight,9.88070892717082,0.044140833139164136,1.81282219783977e-05,1.8974337028621657e-05,6.85639528869003e-06,7.293841297944153e-08,2.8413495661579444e-08,5.701065647797017e-09,7.115638412037666e-06,9.028609650656971e-09,0.09327677391786138,0.00026567321867648655,0.1066904783656832,0.0007679426019347519
straight,9.802971320431562,0.03886072522789592,5.1017872235138205e-05,4.6011677648161716e-05,3.0222924291359226e-05,8.391408301617588e-08,7.009342743372655e-08,1.5846829961403493e-08,3.0404912968478563e-05,2.122926365773408e-08,0.08328673529754177,0.00011148349611596549,0.10834233473047047,0.00072451003867832
straight,9.946068438329961,0.037200090021840486,4.751606317354939e-05,6.708471241677909e-05,3.988296743675835e-05,6.060299157555061e-08,4.347476879302488e-08,7.405387727796283e-09,4.041563862139506e-05,2.181272191403517e-08,0.08371252811382417,0.0001045988091016172,0.11768016651670925,0.0007958908494814678
straight,9.736617926635843,0.029682909983034363,8.817293176260547e-06,4.545081987430695e-05,2.281461447931948e-05,4.763026933837724e-08,1.5585816100323514e-08,5.741990710499465e-09,2.2901904965205752e-05,2.2177261004616092e-08,0.0837669917330855,5.678697255420726e-05,0.11067832822979894,0.0007390979829065116
straight,9.97385056456224,0.023604858266440255,2.7882761265318573e-05,2.8525179195828696e-05,2.3572753171032168e-05,1.773844357931998e-08,1.767996506859633e-08,3.271628378978308e-09,2.3947433545464502e-05,7.500014047079048e-09,0.08622666372696859,4.3990161449102064e-05,0.11440571789977592,0.00046119764716871244
straight,9.86491621698353,0.030777916952269765,4.559663954463524e-05,8.674986832070811e-05,0.00018054181483351706,8.93341154165019e-08,4.136572675921018e-08,3.6225880291631766e-09,0.00017492113828347205,5.263853877638371e-08,0.06376380068447995,2.8363221796782613e-05,0.1360204585011426,0.0010708774414076474
straight,9.787457090059364,0.03442623689985732,4.828572442090703e-05,0.00011844904243942353,0.0002824782752419638,8.67462589203816e-08,5.353271952400159e-08,7.780878497963648e-09,0.00027885206982972957,3.000977343073174e-08,0.05380539162078152,5.844347231142985e-05,0.134652973711353,0.0010234878150393052
straight,9.76954252777712,0.015753042177523064,1.0932478372511965e-05,1.213329314976722e-05,2.1440575137601062e-05,1.0472878383096205e-08,4.329823659712164e-09,3.752678699991834e-09,2.149880802996481e-05,4.147640362457964e-09,0.0889262298479907,1.473370062483944e-05,0.10569955034838859,0.0003237667024435658
straight,9.839933249774113,0.0198602126133163,1.0570473181210022e-05,1.3855528750615898e-05,1.2258444150538092e-05,1.866582278620227e-08,9.476667086344255e-09,3.572467592011862e-09,1.2386131348040778e-05,7.0582968507478215e-09,0.0908074522732755,5.786309630522658e-05,0.10791365932827765,0.0004563786426368021
straight,9.781069112733368,0.03739242203062112,3.065051438501679e-05,2.611467784496268e-05,2.0152252080851513e-05,3.785695695254544e-08,1.6580448006612562e-08,1.9018197183195838e-08,1.895290485990073e-05,2.319293484749913e-08,0.08674460709627269,6.428463889941954e-05,0.10767147268335729,0.0007698239072687701
straight,9.860123137288943,0.03608576517577158,3.111515476207899e-05,5.582881802817675e-05,6.22876365421612e-05,6.632300424570444e-08,3.0315079093475174e-08,3.832572341962946e-08,5.8037134582714256e-05,1.873492277811993e-08,0.07411243117265615,7.778757989704543e-05,0.11875748076567723,0.0008847474091038794
straight,9.798885358395548,0.04193739408369437,1.6813166853664664e-05,1.5029812531693304e-05,2.3981494330483004e-05,1.1260222295279683e-08,1.4605503279329287e-08,5.267172290943179e-09,2.3489479155246552e-05,5.559493916693287e-09,0.08818356367942254,0.00023906453504802375,0.1084264938496832,0.0005844276063791741
